{"CARRE 1412": {"1": 7.141200000000026, "2": 7.098940569549756, "3": 9.031036693558496, "4": 9.298070000021562}, "CITADEL 1212": {"1": 15.198175438518932, "2": 15.015926620442055, "3": 14.954659960039214, "4": 14.177817628919515}, "RAVELIJN 1213": {"1": 12.235671062103625, "2": 12.235671062103625, "3": 8, "4": 11.903372169490291, "5": 11.948050365645376}, "ZILVERLING 1313": {"1": 11.394093697091494, "2": 10.74672536547297, "3": 11.395565041374654, "4": 11.718899999999962, "5": 11.9120062537299}}