{"CITADEL 1212": {"1": 15.198175438518932, "2": 15.015926620442055}, "RAVELIJN 1213": {"1": 12.235671062103625, "2": 12.235671062103625}}