{"RAVELIJN 1213": {"1": 12.235671062103625, "2": 12.235671062103625}}