{"CARRE 1412": {"1": 7.141200000000026, "2": 7.098940569549756, "3": 9.031036693558496, "4": 9.298070000021562}, "CITADEL 1212": {"1": 15.198175438518932, "2": 15.015926620442055, "3": 14.954659960039214, "4": 14.177817628919515}, "HORSTCOMPLEX 1410": {"0": 4.2087575946352835, "1": 4.0513135959216795, "10": 22.707560931876817, "11": 22.797585220163068, "12": 23.071555459485158, "13": 24.30858763960175, "2": 4.0868777909426175, "3": 4.0513135959216795, "4": 4.051263596706582, "5": 23.5001506040387, "6": 25.92771072630403, "7": 23.241030000000023, "8": 23.300389999999993, "9": 23.111743975338587}, "NANOLAB 1411": {"1": 11.053690946955227, "2": 11.14778364254075}, "RAVELIJN 1213": {"1": 12.235671062103625, "2": 12.235671062103625, "3": 8, "4": 11.903372169490291, "5": 11.948050365645376}, "WAAIER 1312": {"1": 11.123864285979977, "2": 13.563267950733664}, "ZILVERLING 1313": {"1": 11.394093697091494, "2": 10.74672536547297, "3": 11.395565041374654, "4": 11.718899999999962, "5": 11.9120062537299}}